Asmir Begovic,Goalkeeper,1,AFC Bournemouth,Asmir Begovic - AFC Bournemouth
Artur Boruc,Goalkeeper,1,AFC Bournemouth,Artur Boruc - AFC Bournemouth
Aaron Ramsdale,Goalkeeper,1,AFC Bournemouth,Aaron Ramsdale - AFC Bournemouth
Nathan Ake,Defender,1,AFC Bournemouth,Nathan Ake - AFC Bournemouth
Steve Cook,Defender,1,AFC Bournemouth,Steve Cook - AFC Bournemouth
Charlie Daniels,Defender,1,AFC Bournemouth,Charlie Daniels - AFC Bournemouth
Simon Francis,Defender,1,AFC Bournemouth,Simon Francis - AFC Bournemouth
Jordan Lee,Defender,1,AFC Bournemouth,Jordan Lee - AFC Bournemouth
Tyrone Mings,Defender,1,AFC Bournemouth,Tyrone Mings - AFC Bournemouth
Jack Simpson,Defender,1,AFC Bournemouth,Jack Simpson - AFC Bournemouth
Adam Smith,Defender,1,AFC Bournemouth,Adam Smith - AFC Bournemouth
Brad Smith,Defender,1,AFC Bournemouth,Brad Smith - AFC Bournemouth
Harry Arter,Midfielder,1,AFC Bournemouth,Harry Arter - AFC Bournemouth
David Brooks,Midfielder,1,AFC Bournemouth,David Brooks - AFC Bournemouth
Matt Butcher,Midfielder,1,AFC Bournemouth,Matt Butcher - AFC Bournemouth
Lewis Cook,Midfielder,1,AFC Bournemouth,Lewis Cook - AFC Bournemouth
Ryan Fraser,Midfielder,1,AFC Bournemouth,Ryan Fraser - AFC Bournemouth
Dan Gosling,Midfielder,1,AFC Bournemouth,Dan Gosling - AFC Bournemouth
Emerson Hyndman,Midfielder,1,AFC Bournemouth,Emerson Hyndman - AFC Bournemouth
Jordon Ibe,Midfielder,1,AFC Bournemouth,Jordon Ibe - AFC Bournemouth
Connor Mahoney,Midfielder,1,AFC Bournemouth,Connor Mahoney - AFC Bournemouth
Mark Pugh,Midfielder,1,AFC Bournemouth,Mark Pugh - AFC Bournemouth
Junior Stanislas,Midfielder,1,AFC Bournemouth,Junior Stanislas - AFC Bournemouth
Andrew Surman,Midfielder,1,AFC Bournemouth,Andrew Surman - AFC Bournemouth
Kyle Taylor,Midfielder,1,AFC Bournemouth,Kyle Taylor - AFC Bournemouth
Matthew Worthington,Midfielder,1,AFC Bournemouth,Matthew Worthington - AFC Bournemouth
Jermain Defoe,Striker,1,AFC Bournemouth,Jermain Defoe - AFC Bournemouth
Josh King,Striker,1,AFC Bournemouth,Josh King - AFC Bournemouth
Lys Mousset,Striker,1,AFC Bournemouth,Lys Mousset - AFC Bournemouth
Sam Surridge,Striker,1,AFC Bournemouth,Sam Surridge - AFC Bournemouth
Callum Wilson,Striker,1,AFC Bournemouth,Callum Wilson - AFC Bournemouth
Petr Cech,Goalkeeper,2,Arsenal,Petr Cech - Arsenal
Bernd Leno,Goalkeeper,2,Arsenal,Bernd Leno - Arsenal
Matthew Macey,Goalkeeper,2,Arsenal,Matthew Macey - Arsenal
Emiliano Martinez,Goalkeeper,2,Arsenal,Emiliano Martinez - Arsenal
David Ospina,Goalkeeper,2,Arsenal,David Ospina - Arsenal
Hector Bellerin,Defender,2,Arsenal,Hector Bellerin - Arsenal
Calum Chambers,Defender,2,Arsenal,Calum Chambers - Arsenal
Rob Holding,Defender,2,Arsenal,Rob Holding - Arsenal
Carl Jenkinson,Defender,2,Arsenal,Carl Jenkinson - Arsenal
Sead Kolasinac,Defender,2,Arsenal,Sead Kolasinac - Arsenal
Laurent Koscielny,Defender,2,Arsenal,Laurent Koscielny - Arsenal
Stephan Lichtsteiner,Defender,2,Arsenal,Stephan Lichtsteiner - Arsenal
Konstantinos Mavropanos,Defender,2,Arsenal,Konstantinos Mavropanos - Arsenal
Nacho Monreal,Defender,2,Arsenal,Nacho Monreal - Arsenal
Shkodran Mustafi,Defender,2,Arsenal,Shkodran Mustafi - Arsenal
Jordi Osei-Tutu,Defender,2,Arsenal,Jordi Osei-Tutu - Arsenal
Papa(stathopoulos) Sokratis,Defender,2,Arsenal,Papa(stathopoulos) Sokratis - Arsenal
Mohamed Elneny,Midfielder,2,Arsenal,Mohamed Elneny - Arsenal
Matteo Guendouzi,Midfielder,2,Arsenal,Matteo Guendouzi - Arsenal
Alex Iwobi,Midfielder,2,Arsenal,Alex Iwobi - Arsenal
Ainsley Maitland-Niles,Midfielder,2,Arsenal,Ainsley Maitland-Niles - Arsenal
Henrikh Mkhitaryan,Midfielder,2,Arsenal,Henrikh Mkhitaryan - Arsenal
Reiss Nelson,Midfielder,2,Arsenal,Reiss Nelson - Arsenal
Kelechi Nwakali,Midfielder,2,Arsenal,Kelechi Nwakali - Arsenal
Mesut Ozil,Midfielder,2,Arsenal,Mesut Ozil - Arsenal
Lucas Perez,Midfielder,2,Arsenal,Lucas Perez - Arsenal
Aaron Ramsey,Midfielder,2,Arsenal,Aaron Ramsey - Arsenal
Jeff Reine-Adelaide,Midfielder,2,Arsenal,Jeff Reine-Adelaide - Arsenal
Lucas Torreira,Midfielder,2,Arsenal,Lucas Torreira - Arsenal
Joseph Willock,Midfielder,2,Arsenal,Joseph Willock - Arsenal
Granit Xhaka,Midfielder,2,Arsenal,Granit Xhaka - Arsenal
Chuba Akpom,Striker,2,Arsenal,Chuba Akpom - Arsenal
Takuma Asano,Striker,2,Arsenal,Takuma Asano - Arsenal
Pierre-Emerick Aubameyang,Striker,2,Arsenal,Pierre-Emerick Aubameyang - Arsenal
Joel Campbell,Striker,2,Arsenal,Joel Campbell - Arsenal
Alexandre Lacazette,Striker,2,Arsenal,Alexandre Lacazette - Arsenal
Edward Nketiah,Striker,2,Arsenal,Edward Nketiah - Arsenal
Danny Welbeck,Striker,2,Arsenal,Danny Welbeck - Arsenal
Tim Krul,Goalkeeper,3,Brighton & Hove Albion,Tim Krul - Brighton & Hove Albion
Mathew Ryan,Goalkeeper,3,Brighton & Hove Albion,Mathew Ryan - Brighton & Hove Albion
Jason Steele,Goalkeeper,3,Brighton & Hove Albion,Jason Steele - Brighton & Hove Albion
Leonardo Balogun,Defender,3,Brighton & Hove Albion,Leonardo Balogun - Brighton & Hove Albion
Bernardo,Defender,3,Brighton & Hove Albion,Bernardo - Brighton & Hove Albion
Gaetan Bong,Defender,3,Brighton & Hove Albion,Gaetan Bong - Brighton & Hove Albion
Bruno,Defender,3,Brighton & Hove Albion,Bruno - Brighton & Hove Albion
Shane Duffy,Defender,3,Brighton & Hove Albion,Shane Duffy - Brighton & Hove Albion
Lewis Dunk,Defender,3,Brighton & Hove Albion,Lewis Dunk - Brighton & Hove Albion
Joshua Kerr,Defender,3,Brighton & Hove Albion,Joshua Kerr - Brighton & Hove Albion
Ales Mateju,Defender,3,Brighton & Hove Albion,Ales Mateju - Brighton & Hove Albion
Masato Morishige,Defender,3,Brighton & Hove Albion,Masato Morishige - Brighton & Hove Albion
Ben White,Defender,3,Brighton & Hove Albion,Ben White - Brighton & Hove Albion
Soufyan Ahannach,Midfielder,3,Brighton & Hove Albion,Soufyan Ahannach - Brighton & Hove Albion
Pascal Gross,Midfielder,3,Brighton & Hove Albion,Pascal Gross - Brighton & Hove Albion
Des Hutchinson,Midfielder,3,Brighton & Hove Albion,Des Hutchinson - Brighton & Hove Albion
Beram Kayal,Midfielder,3,Brighton & Hove Albion,Beram Kayal - Brighton & Hove Albion
Anthony Knockaert,Midfielder,3,Brighton & Hove Albion,Anthony Knockaert - Brighton & Hove Albion
Solly March,Midfielder,3,Brighton & Hove Albion,Solly March - Brighton & Hove Albion
Jayson Molumby,Midfielder,3,Brighton & Hove Albion,Jayson Molumby - Brighton & Hove Albion
Oliver Norwood,Midfielder,3,Brighton & Hove Albion,Oliver Norwood - Brighton & Hove Albion
Davy Propper,Midfielder,3,Brighton & Hove Albion,Davy Propper - Brighton & Hove Albion
Ezequiel Schelotto,Midfielder,3,Brighton & Hove Albion,Ezequiel Schelotto - Brighton & Hove Albion
Dale Stephens,Midfielder,3,Brighton & Hove Albion,Dale Stephens - Brighton & Hove Albion
Markus Suttner,Midfielder,3,Brighton & Hove Albion,Markus Suttner - Brighton & Hove Albion
Richie Towell,Midfielder,3,Brighton & Hove Albion,Richie Towell - Brighton & Hove Albion
Florin Andone,Striker,3,Brighton & Hove Albion,Florin Andone - Brighton & Hove Albion
Sam Baldock,Striker,3,Brighton & Hove Albion,Sam Baldock - Brighton & Hove Albion
Isaiah Brown,Striker,3,Brighton & Hove Albion,Isaiah Brown - Brighton & Hove Albion
Tomer Hemed,Striker,3,Brighton & Hove Albion,Tomer Hemed - Brighton & Hove Albion
Jose Izquierdo-Mena,Striker,3,Brighton & Hove Albion,Jose Izquierdo-Mena - Brighton & Hove Albion
Jurgen Locadia,Striker,3,Brighton & Hove Albion,Jurgen Locadia - Brighton & Hove Albion
Glenn Murray,Striker,3,Brighton & Hove Albion,Glenn Murray - Brighton & Hove Albion
Jiri Skalak,Striker,3,Brighton & Hove Albion,Jiri Skalak - Brighton & Hove Albion
Leonardo Ulloa,Striker,3,Brighton & Hove Albion,Leonardo Ulloa - Brighton & Hove Albion
Tom Heaton,Goalkeeper,4,Burnley,Tom Heaton - Burnley
Adam Legzdins,Goalkeeper,4,Burnley,Adam Legzdins - Burnley
Anders Lindegaard,Goalkeeper,4,Burnley,Anders Lindegaard - Burnley
Nick Pope,Goalkeeper,4,Burnley,Nick Pope - Burnley
Phil Bardsley,Defender,4,Burnley,Phil Bardsley - Burnley
Kevin Long,Defender,4,Burnley,Kevin Long - Burnley
Matthew Lowton,Defender,4,Burnley,Matthew Lowton - Burnley
Ben Mee,Defender,4,Burnley,Ben Mee - Burnley
James Tarkowski,Defender,4,Burnley,James Tarkowski - Burnley
Charlie Taylor,Defender,4,Burnley,Charlie Taylor - Burnley
Stephen Ward,Defender,4,Burnley,Stephen Ward - Burnley
Robbie Brady,Midfielder,4,Burnley,Robbie Brady - Burnley
Jack Cork,Midfielder,4,Burnley,Jack Cork - Burnley
Steven Defour,Midfielder,4,Burnley,Steven Defour - Burnley
Johann Berg Gudmundsson,Midfielder,4,Burnley,Johann Berg Gudmundsson - Burnley
Jeff Hendrick,Midfielder,4,Burnley,Jeff Hendrick - Burnley
Robbie Leitch,Midfielder,4,Burnley,Robbie Leitch - Burnley
Aaron Lennon,Midfielder,4,Burnley,Aaron Lennon - Burnley
Georges-Kevin Nkoudou,Midfielder,4,Burnley,Georges-Kevin Nkoudou - Burnley
Aiden O'Neill,Midfielder,4,Burnley,Aiden O'Neill - Burnley
Ashley Westwood,Midfielder,4,Burnley,Ashley Westwood - Burnley
Dan Agyei,Striker,4,Burnley,Dan Agyei - Burnley
Ashley Barnes,Striker,4,Burnley,Ashley Barnes - Burnley
Rouwen Hennings,Striker,4,Burnley,Rouwen Hennings - Burnley
Dwight McNeil,Striker,4,Burnley,Dwight McNeil - Burnley
Sam Vokes,Striker,4,Burnley,Sam Vokes - Burnley
Jon Walters,Striker,4,Burnley,Jon Walters - Burnley
Nahki Wells,Striker,4,Burnley,Nahki Wells - Burnley
Chris Wood,Striker,4,Burnley,Chris Wood - Burnley
Neil Etheridge,Goalkeeper,5,Cardiff City,Neil Etheridge - Cardiff City
Brian Murphy,Goalkeeper,5,Cardiff City,Brian Murphy - Cardiff City
Alex Smithies,Goalkeeper,5,Cardiff City,Alex Smithies - Cardiff City
Ben Wilson,Goalkeeper,5,Cardiff City,Ben Wilson - Cardiff City
Solly Bamba,Defender,5,Cardiff City,Solly Bamba - Cardiff City
Joe Bennett,Defender,5,Cardiff City,Joe Bennett - Cardiff City
Matthew Connolly,Defender,5,Cardiff City,Matthew Connolly - Cardiff City
Greg Cunningham,Defender,5,Cardiff City,Greg Cunningham - Cardiff City
Greg Halford,Defender,5,Cardiff City,Greg Halford - Cardiff City
Bruno Ecuele Manga,Defender,5,Cardiff City,Bruno Ecuele Manga - Cardiff City
Sean Morrison,Defender,5,Cardiff City,Sean Morrison - Cardiff City
Callum Paterson,Defender,5,Cardiff City,Callum Paterson - Cardiff City
Lee Peltier,Defender,5,Cardiff City,Lee Peltier - Cardiff City
Jazz Richards,Defender,5,Cardiff City,Jazz Richards - Cardiff City
Armand Traore,Defender,5,Cardiff City,Armand Traore - Cardiff City
Craig Bryson,Midfielder,5,Cardiff City,Craig Bryson - Cardiff City
Loic Damour,Midfielder,5,Cardiff City,Loic Damour - Cardiff City
Liam Feeney,Midfielder,5,Cardiff City,Liam Feeney - Cardiff City
Marko Grujic,Midfielder,5,Cardiff City,Marko Grujic - Cardiff City
Aron Gunnarsson,Midfielder,5,Cardiff City,Aron Gunnarsson - Cardiff City
Kadeem Harris,Midfielder,5,Cardiff City,Kadeem Harris - Cardiff City
Junior Hoilett,Midfielder,5,Cardiff City,Junior Hoilett - Cardiff City
Nathaniel Mendez-Laing,Midfielder,5,Cardiff City,Nathaniel Mendez-Laing - Cardiff City
Josh Murphy,Midfielder,5,Cardiff City,Josh Murphy - Cardiff City
Anthony Pilkington,Midfielder,5,Cardiff City,Anthony Pilkington - Cardiff City
Joe Ralls,Midfielder,5,Cardiff City,Joe Ralls - Cardiff City
Yanic Wildschut,Midfielder,5,Cardiff City,Yanic Wildschut - Cardiff City
Frederic Gounongbe,Striker,5,Cardiff City,Frederic Gounongbe - Cardiff City
Gary Madine,Striker,5,Cardiff City,Gary Madine - Cardiff City
Ibrahim Meite,Striker,5,Cardiff City,Ibrahim Meite - Cardiff City
Bobby Reid,Striker,5,Cardiff City,Bobby Reid - Cardiff City
Danny Ward,Striker,5,Cardiff City,Danny Ward - Cardiff City
Kenneth Zohore,Striker,5,Cardiff City,Kenneth Zohore - Cardiff City
Willy Caballero,Goalkeeper,6,Chelsea,Willy Caballero - Chelsea
Thibaut Courtois,Goalkeeper,6,Chelsea,Thibaut Courtois - Chelsea
Metaj Delac,Goalkeeper,6,Chelsea,Metaj Delac - Chelsea
Eduardo,Goalkeeper,6,Chelsea,Eduardo - Chelsea
Temitayo Olufisayo 'Ola'oluwa Aina,Defender,6,Chelsea,Temitayo Olufisayo 'Ola'oluwa Aina - Chelsea
Marcos Alonso,Defender,6,Chelsea,Marcos Alonso - Chelsea
Cezar Azpilicueta,Defender,6,Chelsea,Cezar Azpilicueta - Chelsea
Gary Cahill,Defender,6,Chelsea,Gary Cahill - Chelsea
Trevoh Chalobah,Defender,6,Chelsea,Trevoh Chalobah - Chelsea
Andreas Christensen,Defender,6,Chelsea,Andreas Christensen - Chelsea
Jake Clarke-Salter,Defender,6,Chelsea,Jake Clarke-Salter - Chelsea
David Luiz,Defender,6,Chelsea,David Luiz - Chelsea
Matt Miazga,Defender,6,Chelsea,Matt Miazga - Chelsea
Emerson Palmieri dos Santos,Defender,6,Chelsea,Emerson Palmieri dos Santos - Chelsea
Baba Rahman,Defender,6,Chelsea,Baba Rahman - Chelsea
Antonio Rudiger,Defender,6,Chelsea,Antonio Rudiger - Chelsea
Dujon Sterling,Defender,6,Chelsea,Dujon Sterling - Chelsea
Fikayo Tomori,Defender,6,Chelsea,Fikayo Tomori - Chelsea
Davide Zappacosta,Defender,6,Chelsea,Davide Zappacosta - Chelsea
Ethan Ampadu,Midfielder,6,Chelsea,Ethan Ampadu - Chelsea
Tiemoue Bakayoko,Midfielder,6,Chelsea,Tiemoue Bakayoko - Chelsea
Ross Barkley,Midfielder,6,Chelsea,Ross Barkley - Chelsea
Jeremie Boga,Midfielder,6,Chelsea,Jeremie Boga - Chelsea
Cristian Cuevas,Midfielder,6,Chelsea,Cristian Cuevas - Chelsea
Danny Drinkwater,Midfielder,6,Chelsea,Danny Drinkwater - Chelsea
Cesc Fabregas,Midfielder,6,Chelsea,Cesc Fabregas - Chelsea
Eden Hazard,Midfielder,6,Chelsea,Eden Hazard - Chelsea
Callum Hudson-Odoi,Midfielder,6,Chelsea,Callum Hudson-Odoi - Chelsea
N'Golo Kante,Midfielder,6,Chelsea,N'Golo Kante - Chelsea
Victor Moses,Midfielder,6,Chelsea,Victor Moses - Chelsea
Charly Musonda,Midfielder,6,Chelsea,Charly Musonda - Chelsea
Pedro,Midfielder,6,Chelsea,Pedro - Chelsea
Kyle Scott,Midfielder,6,Chelsea,Kyle Scott - Chelsea
Marcos van Ginkel,Midfielder,6,Chelsea,Marcos van Ginkel - Chelsea
Willian,Midfielder,6,Chelsea,Willian - Chelsea
Michy Batshuayi,Striker,6,Chelsea,Michy Batshuayi - Chelsea
Izzy Brown,Striker,6,Chelsea,Izzy Brown - Chelsea
Olivier Giroud,Striker,6,Chelsea,Olivier Giroud - Chelsea
Alvaro Morata,Striker,6,Chelsea,Alvaro Morata - Chelsea
Vicente Guaita,Goalkeeper,7,Crystal Palace,Vicente Guaita - Crystal Palace
Wayne Hennessey,Goalkeeper,7,Crystal Palace,Wayne Hennessey - Crystal Palace
Julian Speroni,Goalkeeper,7,Crystal Palace,Julian Speroni - Crystal Palace
Scott Dann,Defender,7,Crystal Palace,Scott Dann - Crystal Palace
Timothy Fosu-Mensah,Defender,7,Crystal Palace,Timothy Fosu-Mensah - Crystal Palace
Jaroslaw Jach,Defender,7,Crystal Palace,Jaroslaw Jach - Crystal Palace
Martin Kelly,Defender,7,Crystal Palace,Martin Kelly - Crystal Palace
Jairo Riedewald,Defender,7,Crystal Palace,Jairo Riedewald - Crystal Palace
Mamadou Sakho,Defender,7,Crystal Palace,Mamadou Sakho - Crystal Palace
Jeffrey Schlupp,Defender,7,Crystal Palace,Jeffrey Schlupp - Crystal Palace
Pape Souare,Defender,7,Crystal Palace,Pape Souare - Crystal Palace
James Tomkins,Defender,7,Crystal Palace,James Tomkins - Crystal Palace
Patrick van Aanholt,Defender,7,Crystal Palace,Patrick van Aanholt - Crystal Palace
Joel Ward,Defender,7,Crystal Palace,Joel Ward - Crystal Palace
Nya Kirby,Midfielder,7,Crystal Palace,Nya Kirby - Crystal Palace
Ruben Loftus-Cheek,Midfielder,7,Crystal Palace,Ruben Loftus-Cheek - Crystal Palace
Jason Lokilo,Midfielder,7,Crystal Palace,Jason Lokilo - Crystal Palace
James McArthur,Midfielder,7,Crystal Palace,James McArthur - Crystal Palace
Luka Milivojevic,Midfielder,7,Crystal Palace,Luka Milivojevic - Crystal Palace
Jordon Mutch,Midfielder,7,Crystal Palace,Jordon Mutch - Crystal Palace
Jason Puncheon,Midfielder,7,Crystal Palace,Jason Puncheon - Crystal Palace
Erdal Rakip,Midfielder,7,Crystal Palace,Erdal Rakip - Crystal Palace
Bakary Sako,Midfielder,7,Crystal Palace,Bakary Sako - Crystal Palace
Andros Townsend,Midfielder,7,Crystal Palace,Andros Townsend - Crystal Palace
Aaron Wan-Bissaka,Midfielder,7,Crystal Palace,Aaron Wan-Bissaka - Crystal Palace
Jonny Williams,Midfielder,7,Crystal Palace,Jonny Williams - Crystal Palace
Christian Benteke,Striker,7,Crystal Palace,Christian Benteke - Crystal Palace
Sullay Kaikai,Striker,7,Crystal Palace,Sullay Kaikai - Crystal Palace
Levi Lumeka,Striker,7,Crystal Palace,Levi Lumeka - Crystal Palace
Alexander Sorloth,Striker,7,Crystal Palace,Alexander Sorloth - Crystal Palace
Connor Wickham,Striker,7,Crystal Palace,Connor Wickham - Crystal Palace
Wilfried Zaha,Striker,7,Crystal Palace,Wilfried Zaha - Crystal Palace
Mateusz Hewelt,Goalkeeper,8,Everton,Mateusz Hewelt - Everton
Jordan Pickford,Goalkeeper,8,Everton,Jordan Pickford - Everton
Maarten Stekelenburg,Goalkeeper,8,Everton,Maarten Stekelenburg - Everton
Leighton Baines,Defender,8,Everton,Leighton Baines - Everton
Tyias Browning,Defender,8,Everton,Tyias Browning - Everton
Seamus Coleman,Defender,8,Everton,Seamus Coleman - Everton
Luke Garbutt,Defender,8,Everton,Luke Garbutt - Everton
Phil Jagielka,Defender,8,Everton,Phil Jagielka - Everton
Michael Keane,Defender,8,Everton,Michael Keane - Everton
Jonjoe Kenny,Defender,8,Everton,Jonjoe Kenny - Everton
Eliaquim Mangala,Defender,8,Everton,Eliaquim Mangala - Everton
Cuco Martina,Defender,8,Everton,Cuco Martina - Everton
Matthew Pennington,Defender,8,Everton,Matthew Pennington - Everton
Ashley Williams,Defender,8,Everton,Ashley Williams - Everton
Beni Baningime,Midfielder,8,Everton,Beni Baningime - Everton
Muhamed Besic,Midfielder,8,Everton,Muhamed Besic - Everton
Yannick Bolasie,Midfielder,8,Everton,Yannick Bolasie - Everton
Tom Davies,Midfielder,8,Everton,Tom Davies - Everton
Morgan Feeney,Midfielder,8,Everton,Morgan Feeney - Everton
Idrissa Gana-Gueye,Midfielder,8,Everton,Idrissa Gana-Gueye - Everton
Mason Holgate,Midfielder,8,Everton,Mason Holgate - Everton
Davy Klaassen,Midfielder,8,Everton,Davy Klaassen - Everton
James McCarthy,Midfielder,8,Everton,James McCarthy - Everton
Kevin Mirallas,Midfielder,8,Everton,Kevin Mirallas - Everton
Morgan Schneiderlin,Midfielder,8,Everton,Morgan Schneiderlin - Everton
Gylfi Sigurdsson,Midfielder,8,Everton,Gylfi Sigurdsson - Everton
Nikola Vlasic,Midfielder,8,Everton,Nikola Vlasic - Everton
Theo Walcott,Midfielder,8,Everton,Theo Walcott - Everton
Joe Williams,Midfielder,8,Everton,Joe Williams - Everton
Dominic Calvert-Lewin,Striker,8,Everton,Dominic Calvert-Lewin - Everton
Ademola Lookman,Striker,8,Everton,Ademola Lookman - Everton
Oumar Niasse,Striker,8,Everton,Oumar Niasse - Everton
Henry Onyekuru,Striker,8,Everton,Henry Onyekuru - Everton
Sandro Ramirez,Striker,8,Everton,Sandro Ramirez - Everton
Bassala Sambou,Striker,8,Everton,Bassala Sambou - Everton
Shani Tarashaj,Striker,8,Everton,Shani Tarashaj - Everton
Cenk Tosun,Striker,8,Everton,Cenk Tosun - Everton
Marcus Bettinelli,Goalkeeper,9,Fulham,Marcus Bettinelli - Fulham
David Button,Goalkeeper,9,Fulham,David Button - Fulham
Cyrus Christie,Defender,9,Fulham,Cyrus Christie - Fulham
Marcelo Djalo,Defender,9,Fulham,Marcelo Djalo - Fulham
Adetayo Edun,Defender,9,Fulham,Adetayo Edun - Fulham
Tomas Kalas,Defender,9,Fulham,Tomas Kalas - Fulham
Maxime Le Marchand,Defender,9,Fulham,Maxime Le Marchand - Fulham
Denis Odoi,Defender,9,Fulham,Denis Odoi - Fulham
Tim Ream,Defender,9,Fulham,Tim Ream - Fulham
Ryan Sessegnon,Defender,9,Fulham,Ryan Sessegnon - Fulham
Zeze Steven Sessegnon,Defender,9,Fulham,Zeze Steven Sessegnon - Fulham
Matt Targett,Defender,9,Fulham,Matt Targett - Fulham
Tom Cairney,Midfielder,9,Fulham,Tom Cairney - Fulham
Ibrahima Cisse,Midfielder,9,Fulham,Ibrahima Cisse - Fulham
Stefan Johansen,Midfielder,9,Fulham,Stefan Johansen - Fulham
Neeskens Kebano,Midfielder,9,Fulham,Neeskens Kebano - Fulham
Kevin McDonald,Midfielder,9,Fulham,Kevin McDonald - Fulham
Oliver Norwood,Midfielder,9,Fulham,Oliver Norwood - Fulham
Sheyi Ojo,Midfielder,9,Fulham,Sheyi Ojo - Fulham
Lucas Piazon,Midfielder,9,Fulham,Lucas Piazon - Fulham
Jean Michael Seri,Midfielder,9,Fulham,Jean Michael Seri - Fulham
Floyd Ayite,Striker,9,Fulham,Floyd Ayite - Fulham
Lucas De La Torre,Striker,9,Fulham,Lucas De La Torre - Fulham
Rui Fonte,Striker,9,Fulham,Rui Fonte - Fulham
Aboubakar Kamara,Striker,9,Fulham,Aboubakar Kamara - Fulham
Aleksandar Mitrovic,Striker,9,Fulham,Aleksandar Mitrovic - Fulham
Joel Coleman,Goalkeeper,10,Huddersfield Town,Joel Coleman - Huddersfield Town
Ben Hamer,Goalkeeper,10,Huddersfield Town,Ben Hamer - Huddersfield Town
Jonas Lossl,Goalkeeper,10,Huddersfield Town,Jonas Lossl - Huddersfield Town
Martin Cranie,Defender,10,Huddersfield Town,Martin Cranie - Huddersfield Town
Florent Hadergjonaj,Defender,10,Huddersfield Town,Florent Hadergjonaj - Huddersfield Town
Michael Hefele,Defender,10,Huddersfield Town,Michael Hefele - Huddersfield Town
Tareiq Holmes-Dennis,Defender,10,Huddersfield Town,Tareiq Holmes-Dennis - Huddersfield Town
Marko Hudson,Defender,10,Huddersfield Town,Marko Hudson - Huddersfield Town
Mathias Jorgensen,Defender,10,Huddersfield Town,Mathias Jorgensen - Huddersfield Town
Terence Kongolo,Defender,10,Huddersfield Town,Terence Kongolo - Huddersfield Town
Chris Lowe,Defender,10,Huddersfield Town,Chris Lowe - Huddersfield Town
Scott Malone,Defender,10,Huddersfield Town,Scott Malone - Huddersfield Town
Christopher Schindler,Defender,10,Huddersfield Town,Christopher Schindler - Huddersfield Town
Tommy Smith,Defender,10,Huddersfield Town,Tommy Smith - Huddersfield Town
Juninho Bacuna,Midfielder,10,Huddersfield Town,Juninho Bacuna - Huddersfield Town
Philippe Billing,Midfielder,10,Huddersfield Town,Philippe Billing - Huddersfield Town
Regan Booty,Midfielder,10,Huddersfield Town,Regan Booty - Huddersfield Town
Tom Ince,Midfielder,10,Huddersfield Town,Tom Ince - Huddersfield Town
Jonathan Hogg,Midfielder,10,Huddersfield Town,Jonathan Hogg - Huddersfield Town
Aaron Mooy,Midfielder,10,Huddersfield Town,Aaron Mooy - Huddersfield Town
Jack Payne,Midfielder,10,Huddersfield Town,Jack Payne - Huddersfield Town
Alex Pritchard,Midfielder,10,Huddersfield Town,Alex Pritchard - Huddersfield Town
Abdelhamid Sabiri,Midfielder,10,Huddersfield Town,Abdelhamid Sabiri - Huddersfield Town
Ramadan Sobhi,Midfielder,10,Huddersfield Town,Ramadan Sobhi - Huddersfield Town
Jon Stankovic,Midfielder,10,Huddersfield Town,Jon Stankovic - Huddersfield Town
Rajiv van La Parra,Midfielder,10,Huddersfield Town,Rajiv van La Parra - Huddersfield Town
Danny Williams,Midfielder,10,Huddersfield Town,Danny Williams - Huddersfield Town
Isiah Brown,Striker,10,Huddersfield Town,Isiah Brown - Huddersfield Town
Laurent Depoitre,Striker,10,Huddersfield Town,Laurent Depoitre - Huddersfield Town
Elias Kachunga,Striker,10,Huddersfield Town,Elias Kachunga - Huddersfield Town
Joe Lolley,Striker,10,Huddersfield Town,Joe Lolley - Huddersfield Town
Steve Mounie,Striker,10,Huddersfield Town,Steve Mounie - Huddersfield Town
Kasey Palmer,Striker,10,Huddersfield Town,Kasey Palmer - Huddersfield Town
Collin Quaner,Striker,10,Huddersfield Town,Collin Quaner - Huddersfield Town
Sean Scannell,Striker,10,Huddersfield Town,Sean Scannell - Huddersfield Town
Eldin Jakupovic,Goalkeeper,11,Leicester City,Eldin Jakupovic - Leicester City
Kasper Schmeichel,Goalkeeper,11,Leicester City,Kasper Schmeichel - Leicester City
Yohan Benalouane,Defender,11,Leicester City,Yohan Benalouane - Leicester City
Ben Chilwell,Defender,11,Leicester City,Ben Chilwell - Leicester City
Aleksandar Dragovic,Defender,11,Leicester City,Aleksandar Dragovic - Leicester City
Jonny Evans,Defender,11,Leicester City,Jonny Evans - Leicester City
Christian Fuchs,Defender,11,Leicester City,Christian Fuchs - Leicester City
Harry Maguire,Defender,11,Leicester City,Harry Maguire - Leicester City
Elliot Moore,Defender,11,Leicester City,Elliot Moore - Leicester City
Wes Morgan,Defender,11,Leicester City,Wes Morgan - Leicester City
Ricardo Pereira,Defender,11,Leicester City,Ricardo Pereira - Leicester City
Danny Simpson,Defender,11,Leicester City,Danny Simpson - Leicester City
Marc Albrighton,Midfielder,11,Leicester City,Marc Albrighton - Leicester City
Daniel Amartey,Midfielder,11,Leicester City,Daniel Amartey - Leicester City
Harvey Barnes,Midfielder,11,Leicester City,Harvey Barnes - Leicester City
Mamza Choudhury,Midfielder,11,Leicester City,Mamza Choudhury - Leicester City
Fousseni Diabate,Midfielder,11,Leicester City,Fousseni Diabate - Leicester City
Demarai Gray,Midfielder,11,Leicester City,Demarai Gray - Leicester City
Sam Hughes,Midfielder,11,Leicester City,Sam Hughes - Leicester City
Vicente Iborra,Midfielder,11,Leicester City,Vicente Iborra - Leicester City
Matty James,Midfielder,11,Leicester City,Matty James - Leicester City
Bartosz Kapustka,Midfielder,11,Leicester City,Bartosz Kapustka - Leicester City
James Maddison,Midfielder,11,Leicester City,James Maddison - Leicester City
Nampalys Mendy,Midfielder,11,Leicester City,Nampalys Mendy - Leicester City
Onyinye Wilfred Ndidi,Midfielder,11,Leicester City,Onyinye Wilfred Ndidi - Leicester City
Layton Ndukwu,Midfielder,11,Leicester City,Layton Ndukwu - Leicester City
Adrien Silva,Midfielder,11,Leicester City,Adrien Silva - Leicester City
George Thomas,Midfielder,11,Leicester City,George Thomas - Leicester City
Kelechi Iheanacho,Striker,11,Leicester City,Kelechi Iheanacho - Leicester City
Ahmed Musa,Striker,11,Leicester City,Ahmed Musa - Leicester City
Shinji Okazaki,Striker,11,Leicester City,Shinji Okazaki - Leicester City
Raul Uche-Rubio,Striker,11,Leicester City,Raul Uche-Rubio - Leicester City
Jamie Vardy,Striker,11,Leicester City,Jamie Vardy - Leicester City
Adam Bogdan,Goalkeeper,12,Liverpool,Adam Bogdan - Liverpool
Loris Karius,Goalkeeper,12,Liverpool,Loris Karius - Liverpool
Simon Mignolet,Goalkeeper,12,Liverpool,Simon Mignolet - Liverpool
Danny Ward,Goalkeeper,12,Liverpool,Danny Ward - Liverpool
Trent Alexander-Arnold,Defender,12,Liverpool,Trent Alexander-Arnold - Liverpool
Nathaniel Clyne,Defender,12,Liverpool,Nathaniel Clyne - Liverpool
Joe Gomez,Defender,12,Liverpool,Joe Gomez - Liverpool
Ragnar Klavan,Defender,12,Liverpool,Ragnar Klavan - Liverpool
Dejan Lovren,Defender,12,Liverpool,Dejan Lovren - Liverpool
Joel Matip,Defender,12,Liverpool,Joel Matip - Liverpool
Alberto Moreno,Defender,12,Liverpool,Alberto Moreno - Liverpool
Connor Randall,Defender,12,Liverpool,Connor Randall - Liverpool
Andrew Robertson,Defender,12,Liverpool,Andrew Robertson - Liverpool
Virgil van Dijk,Defender,12,Liverpool,Virgil van Dijk - Liverpool
Alex Oxlade-Chamberlain,Midfielder,12,Liverpool,Alex Oxlade-Chamberlain - Liverpool
Pedro Chirivella,Midfielder,12,Liverpool,Pedro Chirivella - Liverpool
Oviemuno Ejaria,Midfielder,12,Liverpool,Oviemuno Ejaria - Liverpool
Fabinho,Midfielder,12,Liverpool,Fabinho - Liverpool
Marko Grujic,Midfielder,12,Liverpool,Marko Grujic - Liverpool
Jordan Henderson,Midfielder,12,Liverpool,Jordan Henderson - Liverpool
Naby Keita,Midfielder,12,Liverpool,Naby Keita - Liverpool
Ryan Kent,Midfielder,12,Liverpool,Ryan Kent - Liverpool
Adam Lallana,Midfielder,12,Liverpool,Adam Lallana - Liverpool
Lazar Markovic,Midfielder,12,Liverpool,Lazar Markovic - Liverpool
James Milner,Midfielder,12,Liverpool,James Milner - Liverpool
Mohamed Salah,Midfielder,12,Liverpool,Mohamed Salah - Liverpool
Georginio Wijnaldum,Midfielder,12,Liverpool,Georginio Wijnaldum - Liverpool
Harry Wilson,Midfielder,12,Liverpool,Harry Wilson - Liverpool
Ben Woodburn,Midfielder,12,Liverpool,Ben Woodburn - Liverpool
Rhian Brewster,Striker,12,Liverpool,Rhian Brewster - Liverpool
Roberto Firmino,Striker,12,Liverpool,Roberto Firmino - Liverpool
Danny Ings,Striker,12,Liverpool,Danny Ings - Liverpool
Sadio Mane,Striker,12,Liverpool,Sadio Mane - Liverpool
Divock Origi,Striker,12,Liverpool,Divock Origi - Liverpool
Dominic Solanke,Striker,12,Liverpool,Dominic Solanke - Liverpool
Claudio Bravo,Goalkeeper,13,Manchester City,Claudio Bravo - Manchester City
Ederson Santana de Moraes,Goalkeeper,13,Manchester City,Ederson Santana de Moraes - Manchester City
Oluwatosin Adarabioyo,Defender,13,Manchester City,Oluwatosin Adarabioyo - Manchester City
Pablo Maffeo Becerra,Defender,13,Manchester City,Pablo Maffeo Becerra - Manchester City
Danilo,Defender,13,Manchester City,Danilo - Manchester City
Demeaco Duhaney,Defender,13,Manchester City,Demeaco Duhaney - Manchester City
Cameron Humphreys-Grant,Defender,13,Manchester City,Cameron Humphreys-Grant - Manchester City
Vincent Kompany,Defender,13,Manchester City,Vincent Kompany - Manchester City
Aymeric Laporte,Defender,13,Manchester City,Aymeric Laporte - Manchester City
Benjamin Mendy,Defender,13,Manchester City,Benjamin Mendy - Manchester City
Nicolas Otamendi,Defender,13,Manchester City,Nicolas Otamendi - Manchester City
John Stones,Defender,13,Manchester City,John Stones - Manchester City
Jose Angel Esmoris Tasende,Defender,13,Manchester City,Jose Angel Esmoris Tasende - Manchester City
Kyle Walker,Defender,13,Manchester City,Kyle Walker - Manchester City
Manuel Garcia Alonso,Midfielder,13,Manchester City,Manuel Garcia Alonso - Manchester City
Luke Brattan,Midfielder,13,Manchester City,Luke Brattan - Manchester City
Anthony Caceres,Midfielder,13,Manchester City,Anthony Caceres - Manchester City
Bersant Celina,Midfielder,13,Manchester City,Bersant Celina - Manchester City
Kevin de Bruyne,Midfielder,13,Manchester City,Kevin de Bruyne - Manchester City
Ayotomiwa Dele-Bashiru,Midfielder,13,Manchester City,Ayotomiwa Dele-Bashiru - Manchester City
Fabian Delph,Midfielder,13,Manchester City,Fabian Delph - Manchester City
Brahim Diaz,Midfielder,13,Manchester City,Brahim Diaz - Manchester City
Fernandinho,Midfielder,13,Manchester City,Fernandinho - Manchester City
Aleix Garcia-Serrano,Midfielder,13,Manchester City,Aleix Garcia-Serrano - Manchester City
Ilkay Gundogan,Midfielder,13,Manchester City,Ilkay Gundogan - Manchester City
Jack Harrison,Midfielder,13,Manchester City,Jack Harrison - Manchester City
Douglas Luiz (Soares de Pauo),Midfielder,13,Manchester City,Douglas Luiz (Soares de Pauo) - Manchester City
Riyad Mahrez,Midfielder,13,Manchester City,Riyad Mahrez - Manchester City
Patrick Roberts,Midfielder,13,Manchester City,Patrick Roberts - Manchester City
Leroy Sane,Midfielder,13,Manchester City,Leroy Sane - Manchester City
David Silva,Midfielder,13,Manchester City,David Silva - Manchester City
Raheem Sterling,Midfielder,13,Manchester City,Raheem Sterling - Manchester City
Oleksandr Zinchenko,Midfielder,13,Manchester City,Oleksandr Zinchenko - Manchester City
Sergio Aguero,Striker,13,Manchester City,Sergio Aguero - Manchester City
Brandon Barker,Striker,13,Manchester City,Brandon Barker - Manchester City
Phil Foden,Striker,13,Manchester City,Phil Foden - Manchester City
Daniel Grimshaw,Striker,13,Manchester City,Daniel Grimshaw - Manchester City
Gabriel (Fernando de) Jesus,Striker,13,Manchester City,Gabriel (Fernando de) Jesus - Manchester City
Olarenwaju Kayode,Striker,13,Manchester City,Olarenwaju Kayode - Manchester City
Marlos Moreno,Striker,13,Manchester City,Marlos Moreno - Manchester City
Lucas Nmecha,Striker,13,Manchester City,Lucas Nmecha - Manchester City
Bernardo Silva,Striker,13,Manchester City,Bernardo Silva - Manchester City
Joel Castro Pereira,Goalkeeper,14,Manchester United,Joel Castro Pereira - Manchester United
David De Gea,Goalkeeper,14,Manchester United,David De Gea - Manchester United
Lee Grant,Goalkeeper,14,Manchester United,Lee Grant - Manchester United
Dean Henderson,Goalkeeper,14,Manchester United,Dean Henderson - Manchester United
Kieran O'Hara,Goalkeeper,14,Manchester United,Kieran O'Hara - Manchester United
Sergio Romero,Goalkeeper,14,Manchester United,Sergio Romero - Manchester United
Eric Bailly,Defender,14,Manchester United,Eric Bailly - Manchester United
Daley Blind,Defender,14,Manchester United,Daley Blind - Manchester United
Cameron Borthwick-Jackson,Defender,14,Manchester United,Cameron Borthwick-Jackson - Manchester United
Diego Dalot,Defender,14,Manchester United,Diego Dalot - Manchester United
Matteo Darmian,Defender,14,Manchester United,Matteo Darmian - Manchester United
Phil Jones,Defender,14,Manchester United,Phil Jones - Manchester United
Victor Lindelof,Defender,14,Manchester United,Victor Lindelof - Manchester United
Demetri Mitchell,Defender,14,Manchester United,Demetri Mitchell - Manchester United
Regan Poole,Defender,14,Manchester United,Regan Poole - Manchester United
Marcos Rojo,Defender,14,Manchester United,Marcos Rojo - Manchester United
Luke Shaw,Defender,14,Manchester United,Luke Shaw - Manchester United
Chris Smalling,Defender,14,Manchester United,Chris Smalling - Manchester United
Axel Tuanzebe,Defender,14,Manchester United,Axel Tuanzebe - Manchester United
Antonio Valencia,Defender,14,Manchester United,Antonio Valencia - Manchester United
Ro-Shaun Williams,Defender,14,Manchester United,Ro-Shaun Williams - Manchester United
Zachery Dearnley,Midfielder,14,Manchester United,Zachery Dearnley - Manchester United
Marouane Fellaini,Midfielder,14,Manchester United,Marouane Fellaini - Manchester United
Fred(erico) Rodrigues de Paula Santos,Midfielder,14,Manchester United,Fred(erico) Rodrigues de Paula Santos - Manchester United
Angel Gomes,Midfielder,14,Manchester United,Angel Gomes - Manchester United
Ander Herrera,Midfielder,14,Manchester United,Ander Herrera - Manchester United
Jesse Lingard,Midfielder,14,Manchester United,Jesse Lingard - Manchester United
Juan Mata,Midfielder,14,Manchester United,Juan Mata - Manchester United
Nemanja Matic,Midfielder,14,Manchester United,Nemanja Matic - Manchester United
Scott McTominay,Midfielder,14,Manchester United,Scott McTominay - Manchester United
Andreas Pereira,Midfielder,14,Manchester United,Andreas Pereira - Manchester United
Paul Pogba,Midfielder,14,Manchester United,Paul Pogba - Manchester United
Matthew Willock,Midfielder,14,Manchester United,Matthew Willock - Manchester United
Ashley Young,Midfielder,14,Manchester United,Ashley Young - Manchester United
Romelu Lukaku,Striker,14,Manchester United,Romelu Lukaku - Manchester United
Anthony Martial,Striker,14,Manchester United,Anthony Martial - Manchester United
Marcus Rashford,Striker,14,Manchester United,Marcus Rashford - Manchester United
Alexis Sanchez,Striker,14,Manchester United,Alexis Sanchez - Manchester United
Karl Darlow,Goalkeeper,15,Newcastle United,Karl Darlow - Newcastle United
Martin Dubravka,Goalkeeper,15,Newcastle United,Martin Dubravka - Newcastle United
Rob Elliott,Goalkeeper,15,Newcastle United,Rob Elliott - Newcastle United
Matz Sels,Goalkeeper,15,Newcastle United,Matz Sels - Newcastle United
Ciaran Clark,Defender,15,Newcastle United,Ciaran Clark - Newcastle United
Paul Dummett,Defender,15,Newcastle United,Paul Dummett - Newcastle United
Jesus Gamez,Defender,15,Newcastle United,Jesus Gamez - Newcastle United
Massadio Haidara,Defender,15,Newcastle United,Massadio Haidara - Newcastle United
Isaac Hayden,Defender,15,Newcastle United,Isaac Hayden - Newcastle United
Jamaal Lascelles,Defender,15,Newcastle United,Jamaal Lascelles - Newcastle United
Achraf Lazaar,Defender,15,Newcastle United,Achraf Lazaar - Newcastle United
Florian Lejeune,Defender,15,Newcastle United,Florian Lejeune - Newcastle United
Javier Manquillo,Defender,15,Newcastle United,Javier Manquillo - Newcastle United
Chancel Mbemba,Defender,15,Newcastle United,Chancel Mbemba - Newcastle United
Stefan O'Connor,Defender,15,Newcastle United,Stefan O'Connor - Newcastle United
Jamie Sterry,Defender,15,Newcastle United,Jamie Sterry - Newcastle United
Josef Yarney,Defender,15,Newcastle United,Josef Yarney - Newcastle United
DeAndre Yedlin,Defender,15,Newcastle United,DeAndre Yedlin - Newcastle United
Rolando Aarons,Midfielder,15,Newcastle United,Rolando Aarons - Newcastle United
Christian Atsu,Midfielder,15,Newcastle United,Christian Atsu - Newcastle United
Jack Colback,Midfielder,15,Newcastle United,Jack Colback - Newcastle United
Mohamed Diame,Midfielder,15,Newcastle United,Mohamed Diame - Newcastle United
Robert Kenedy Nunes Nascimento,Midfielder,15,Newcastle United,Robert Kenedy Nunes Nascimento - Newcastle United
Jacob Murphy,Midfielder,15,Newcastle United,Jacob Murphy - Newcastle United
Matt Ritchie,Midfielder,15,Newcastle United,Matt Ritchie - Newcastle United
Jonjo Shelvey,Midfielder,15,Newcastle United,Jonjo Shelvey - Newcastle United
Ki Sung-Yeung,Midfielder,15,Newcastle United,Ki Sung-Yeung - Newcastle United
Dwight Gayle,Striker,15,Newcastle United,Dwight Gayle - Newcastle United
Joselu,Striker,15,Newcastle United,Joselu - Newcastle United
Ayoze Perez,Striker,15,Newcastle United,Ayoze Perez - Newcastle United
Islam Slimani,Striker,15,Newcastle United,Islam Slimani - Newcastle United
Ivan Toney,Striker,15,Newcastle United,Ivan Toney - Newcastle United
Fraser Forster,Goalkeeper,16,Southampton,Fraser Forster - Southampton
Angus Gunn,Goalkeeper,16,Southampton,Angus Gunn - Southampton
Mouez Hassen,Goalkeeper,16,Southampton,Mouez Hassen - Southampton
Alex McCarthy,Goalkeeper,16,Southampton,Alex McCarthy - Southampton
Jan Bednarek,Defender,16,Southampton,Jan Bednarek - Southampton
Ryan Bertrand,Defender,16,Southampton,Ryan Bertrand - Southampton
Wesley Hoedt,Defender,16,Southampton,Wesley Hoedt - Southampton
Cedric Soares,Defender,16,Southampton,Cedric Soares - Southampton
Jack Stephens,Defender,16,Southampton,Jack Stephens - Southampton
Maya Yoshida,Defender,16,Southampton,Maya Yoshida - Southampton
Stuart Armstrong,Midfielder,16,Southampton,Stuart Armstrong - Southampton
Sofiane Boufal,Midfielder,16,Southampton,Sofiane Boufal - Southampton
Jordy Clasie,Midfielder,16,Southampton,Jordy Clasie - Southampton
Steven Davis,Midfielder,16,Southampton,Steven Davis - Southampton
Jake Hesketh,Midfielder,16,Southampton,Jake Hesketh - Southampton
Pierre-Emile Hojbjerg,Midfielder,16,Southampton,Pierre-Emile Hojbjerg - Southampton
Mario Lemina,Midfielder,16,Southampton,Mario Lemina - Southampton
Sam McQueen,Midfielder,16,Southampton,Sam McQueen - Southampton
Nathan Redmond,Midfielder,16,Southampton,Nathan Redmond - Southampton
Harrison Reed,Midfielder,16,Southampton,Harrison Reed - Southampton
Oriol Romeu,Midfielder,16,Southampton,Oriol Romeu - Southampton
James Ward-Prowse,Midfielder,16,Southampton,James Ward-Prowse - Southampton
Charlie Austin,Striker,16,Southampton,Charlie Austin - Southampton
Guido Carrillo,Striker,16,Southampton,Guido Carrillo - Southampton
Mohamed Elyounoussi,Striker,16,Southampton,Mohamed Elyounoussi - Southampton
Manolo Gabbiadini,Striker,16,Southampton,Manolo Gabbiadini - Southampton
Shane Long,Striker,16,Southampton,Shane Long - Southampton
Josh Sims,Striker,16,Southampton,Josh Sims - Southampton
Paulo Gazzaniga,Goalkeeper,17,Tottenham Hotspur,Paulo Gazzaniga - Tottenham Hotspur
Hugo Lloris,Goalkeeper,17,Tottenham Hotspur,Hugo Lloris - Tottenham Hotspur
Michel Vorm,Goalkeeper,17,Tottenham Hotspur,Michel Vorm - Tottenham Hotspur
Toby Alderweireld,Defender,17,Tottenham Hotspur,Toby Alderweireld - Tottenham Hotspur
Serge Aurier,Defender,17,Tottenham Hotspur,Serge Aurier - Tottenham Hotspur
Cameron Carter-Vickers,Defender,17,Tottenham Hotspur,Cameron Carter-Vickers - Tottenham Hotspur
Ben Davies,Defender,17,Tottenham Hotspur,Ben Davies - Tottenham Hotspur
Eric Dier,Defender,17,Tottenham Hotspur,Eric Dier - Tottenham Hotspur
Juan Foyth,Defender,17,Tottenham Hotspur,Juan Foyth - Tottenham Hotspur
Danny Rose,Defender,17,Tottenham Hotspur,Danny Rose - Tottenham Hotspur
Davinson Sanchez-Mina,Defender,17,Tottenham Hotspur,Davinson Sanchez-Mina - Tottenham Hotspur
Kieran Trippier,Defender,17,Tottenham Hotspur,Kieran Trippier - Tottenham Hotspur
Jan Vertonghen,Defender,17,Tottenham Hotspur,Jan Vertonghen - Tottenham Hotspur
Kyle Walker-Peters,Defender,17,Tottenham Hotspur,Kyle Walker-Peters - Tottenham Hotspur
Dele Alli,Midfielder,17,Tottenham Hotspur,Dele Alli - Tottenham Hotspur
Mousa Dembele,Midfielder,17,Tottenham Hotspur,Mousa Dembele - Tottenham Hotspur
Christian Eriksen,Midfielder,17,Tottenham Hotspur,Christian Eriksen - Tottenham Hotspur
Erik Lamela,Midfielder,17,Tottenham Hotspur,Erik Lamela - Tottenham Hotspur
Lucas Moura,Midfielder,17,Tottenham Hotspur,Lucas Moura - Tottenham Hotspur
Clinton N'Jie,Midfielder,17,Tottenham Hotspur,Clinton N'Jie - Tottenham Hotspur
Joshua Onomah,Midfielder,17,Tottenham Hotspur,Joshua Onomah - Tottenham Hotspur
Moussa Sissoko,Midfielder,17,Tottenham Hotspur,Moussa Sissoko - Tottenham Hotspur
Victor Wanyama,Midfielder,17,Tottenham Hotspur,Victor Wanyama - Tottenham Hotspur
Harry Winks,Midfielder,17,Tottenham Hotspur,Harry Winks - Tottenham Hotspur
Vincent Janssen,Striker,17,Tottenham Hotspur,Vincent Janssen - Tottenham Hotspur
Harry Kane,Striker,17,Tottenham Hotspur,Harry Kane - Tottenham Hotspur
Fernando Llorente,Striker,17,Tottenham Hotspur,Fernando Llorente - Tottenham Hotspur
Samuel Shashoua,Striker,17,Tottenham Hotspur,Samuel Shashoua - Tottenham Hotspur
Heung-Min Son,Striker,17,Tottenham Hotspur,Heung-Min Son - Tottenham Hotspur
Giedrius Arlauskis,Goalkeeper,18,Watford,Giedrius Arlauskis - Watford
Daniel Bachmann,Goalkeeper,18,Watford,Daniel Bachmann - Watford
Pontus Dahlberg,Goalkeeper,18,Watford,Pontus Dahlberg - Watford
Ben Foster,Goalkeeper,18,Watford,Ben Foster - Watford
Heurelho Gomes,Goalkeeper,18,Watford,Heurelho Gomes - Watford
Orestis Karnezis,Goalkeeper,18,Watford,Orestis Karnezis - Watford
Miguel Britos,Defender,18,Watford,Miguel Britos - Watford
Craig Cathcart,Defender,18,Watford,Craig Cathcart - Watford
Brice Dja Djede,Defender,18,Watford,Brice Dja Djede - Watford
Andrew Eleftheriou,Defender,18,Watford,Andrew Eleftheriou - Watford
Pervis Estupinan,Defender,18,Watford,Pervis Estupinan - Watford
Tommie Hoban,Defender,18,Watford,Tommie Hoban - Watford
Jose Holebas,Defender,18,Watford,Jose Holebas - Watford
Daryl Janmaat,Defender,18,Watford,Daryl Janmaat - Watford
Christian Kabasele,Defender,18,Watford,Christian Kabasele - Watford
Younes Kaboul,Defender,18,Watford,Younes Kaboul - Watford
Adrian Mariappa,Defender,18,Watford,Adrian Mariappa - Watford
Adam Masina,Defender,18,Watford,Adam Masina - Watford
Marc Navarro,Defender,18,Watford,Marc Navarro - Watford
Sebastian Prodl,Defender,18,Watford,Sebastian Prodl - Watford
Molla Wague,Defender,18,Watford,Molla Wague - Watford
Ben Wilmot,Defender,18,Watford,Ben Wilmot - Watford
Etienne Capoue,Midfielder,18,Watford,Etienne Capoue - Watford
Andre Carrillo,Midfielder,18,Watford,Andre Carrillo - Watford
Nathaniel Chalobah,Midfielder,18,Watford,Nathaniel Chalobah - Watford
Tom Cleverley,Midfielder,18,Watford,Tom Cleverley - Watford
Abdoulaye Doucoure,Midfielder,18,Watford,Abdoulaye Doucoure - Watford
Kiko Femenia Far,Midfielder,18,Watford,Kiko Femenia Far - Watford
Will Hughes,Midfielder,18,Watford,Will Hughes - Watford
Dodi Lukebakio,Midfielder,18,Watford,Dodi Lukebakio - Watford
Didier Ndong,Midfielder,18,Watford,Didier Ndong - Watford
Dion Pereira,Midfielder,18,Watford,Dion Pereira - Watford
Roberto Pereyra,Midfielder,18,Watford,Roberto Pereyra - Watford
Ken Sema,Midfielder,18,Watford,Ken Sema - Watford
Marvin Zeegelaar,Midfielder,18,Watford,Marvin Zeegelaar - Watford
Nordin Amrabat,Striker,18,Watford,Nordin Amrabat - Watford
Richarlison deAndrade,Striker,18,Watford,Richarlison deAndrade - Watford
Troy Deeney,Striker,18,Watford,Troy Deeney - Watford
Gerard Deulofeu,Striker,18,Watford,Gerard Deulofeu - Watford
Andre Gray,Striker,18,Watford,Andre Gray - Watford
Stefano Okaka,Striker,18,Watford,Stefano Okaka - Watford
Mamadou Obbi Oulare,Striker,18,Watford,Mamadou Obbi Oulare - Watford
Adalberto Penaranda,Striker,18,Watford,Adalberto Penaranda - Watford
Jerome Sinclair,Striker,18,Watford,Jerome Sinclair - Watford
Isaac Success,Striker,18,Watford,Isaac Success - Watford
Adrian,Goalkeeper,19,West Ham United,Adrian - West Ham United
Lucasz Fabianski,Goalkeeper,19,West Ham United,Lucasz Fabianski - West Ham United
Joe Hart,Goalkeeper,19,West Ham United,Joe Hart - West Ham United
Raphael Spiegel,Goalkeeper,19,West Ham United,Raphael Spiegel - West Ham United
Sam Byram,Defender,19,West Ham United,Sam Byram - West Ham United
Aaron Cresswell,Defender,19,West Ham United,Aaron Cresswell - West Ham United
Issa Diop,Defender,19,West Ham United,Issa Diop - West Ham United
Ryan Fredericks,Defender,19,West Ham United,Ryan Fredericks - West Ham United
Arthur Masuaku,Defender,19,West Ham United,Arthur Masuaku - West Ham United
Angelo Ogbonna,Defender,19,West Ham United,Angelo Ogbonna - West Ham United
Winston Reid,Defender,19,West Ham United,Winston Reid - West Ham United
Declan Rice,Defender,19,West Ham United,Declan Rice - West Ham United
Pablo Maffeo Zabaleta,Defender,19,West Ham United,Pablo Maffeo Zabaleta - West Ham United
Michail Antonio,Midfielder,19,West Ham United,Michail Antonio - West Ham United
Marcus Browne,Midfielder,19,West Ham United,Marcus Browne - West Ham United
Josh Cullen,Midfielder,19,West Ham United,Josh Cullen - West Ham United
Edimilson Fernandes,Midfielder,19,West Ham United,Edimilson Fernandes - West Ham United
Sead Haksabanovic,Midfielder,19,West Ham United,Sead Haksabanovic - West Ham United
Nathan Holland,Midfielder,19,West Ham United,Nathan Holland - West Ham United
Dan Kemp,Midfielder,19,West Ham United,Dan Kemp - West Ham United
Cheikhou Kouyate,Midfielder,19,West Ham United,Cheikhou Kouyate - West Ham United
Manuel Lanzini,Midfielder,19,West Ham United,Manuel Lanzini - West Ham United
Moses Makasi,Midfielder,19,West Ham United,Moses Makasi - West Ham United
Joao Mario,Midfielder,19,West Ham United,Joao Mario - West Ham United
Mark Noble,Midfielder,19,West Ham United,Mark Noble - West Ham United
Pedro Obiang,Midfielder,19,West Ham United,Pedro Obiang - West Ham United
Reece Oxford,Midfielder,19,West Ham United,Reece Oxford - West Ham United
Domingos Quina,Midfielder,19,West Ham United,Domingos Quina - West Ham United
Robert Snodgrass,Midfielder,19,West Ham United,Robert Snodgrass - West Ham United
Jack Wilshere,Midfielder,19,West Ham United,Jack Wilshere - West Ham United
Marko Arnautovic,Striker,19,West Ham United,Marko Arnautovic - West Ham United
Andy Carroll,Striker,19,West Ham United,Andy Carroll - West Ham United
Javier Hernandez,Striker,19,West Ham United,Javier Hernandez - West Ham United
Jordan Hugill,Striker,19,West Ham United,Jordan Hugill - West Ham United
Toni Martinez-Lopez,Striker,19,West Ham United,Toni Martinez-Lopez - West Ham United
Alex Pike,Striker,19,West Ham United,Alex Pike - West Ham United
Andriy Yarmolenko,Striker,19,West Ham United,Andriy Yarmolenko - West Ham United
Carl Ikeme,Goalkeeper,20,Wolves,Carl Ikeme - Wolves
Will Norris,Goalkeeper,20,Wolves,Will Norris - Wolves
Rui Patricio,Goalkeeper,20,Wolves,Rui Patricio - Wolves
John Ruddy,Goalkeeper,20,Wolves,John Ruddy - Wolves
Danny Batth,Defender,20,Wolves,Danny Batth - Wolves
Ryan Bennett,Defender,20,Wolves,Ryan Bennett - Wolves
Willy Boly,Defender,20,Wolves,Willy Boly - Wolves
Conor Cody,Defender,20,Wolves,Conor Cody - Wolves
Matt Doherty,Defender,20,Wolves,Matt Doherty - Wolves
Barry Douglas,Defender,20,Wolves,Barry Douglas - Wolves
Kourtney Hause,Defender,20,Wolves,Kourtney Hause - Wolves
Phil Ofosu-Ayeh,Defender,20,Wolves,Phil Ofosu-Ayeh - Wolves
Roderick,Defender,20,Wolves,Roderick - Wolves
Romain Saiss,Defender,20,Wolves,Romain Saiss - Wolves
Ruben Vinagre,Defender,20,Wolves,Ruben Vinagre - Wolves
Oskar Buur,Midfielder,20,Wolves,Oskar Buur - Wolves
Morgan Gibbs-White,Midfielder,20,Wolves,Morgan Gibbs-White - Wolves
Pedro Goncalves,Midfielder,20,Wolves,Pedro Goncalves - Wolves
Jordan Graham,Midfielder,20,Wolves,Jordan Graham - Wolves
Diogo Jose Jota,Midfielder,20,Wolves,Diogo Jose Jota - Wolves
Alfred N'Diaye,Midfielder,20,Wolves,Alfred N'Diaye - Wolves
Ruben Neves,Midfielder,20,Wolves,Ruben Neves - Wolves
Benik Afobe,Striker,20,Wolves,Benik Afobe - Wolves
Lohner Leo Bonatini,Striker,20,Wolves,Lohner Leo Bonatini - Wolves
Ivan Cavaleiro,Striker,20,Wolves,Ivan Cavaleiro - Wolves
Wander Helder Costa,Striker,20,Wolves,Wander Helder Costa - Wolves
Bright Enobakhare,Striker,20,Wolves,Bright Enobakhare - Wolves
Raul Jimenez,Striker,20,Wolves,Raul Jimenez - Wolves
Rafael Mir Vincente,Striker,20,Wolves,Rafael Mir Vincente - Wolves
